PIW,CPR,LTV,DTI,FICO,Refi,SATO,SMM,AOL
1,5.732,82.54,37.93,709,0.64,0.93,0.49,257394.09
0,20.225,65.58,32.72,761,0.36,-0.02,1.87,335798.33
1,23.267,70,34.86,766,0.36,-0.55,2.18,337230.63
0,16.424,70,32.94,753,0.36,0.16,1.48,305369.66
0,40.926,69.31,36,704,0.85,0.52,4.29,310945.05
0,22.998,66.78,33.61,741,0.33,0.26,2.15,312247.8
1,44.24,72.94,38.85,673,1.11,1.72,4.75,263907.91
0,51.227,70.59,39.47,679,1.08,0.88,5.81,347611.72
0,27.258,69.39,35.22,724,0.62,0.39,2.62,308053.22
0,38.116,69.88,35.53,767,0.64,-0.22,3.92,348780.44
0,37.667,67.4,37.89,695,0.82,0.65,3.86,323245.48
1,19.26,70.93,35.7,767,0.36,-0.5,1.77,361640.31
1,21.692,70.37,36.88,702,0.35,1.47,2.02,236009.21
1,49.343,71.44,35.81,765,0.61,-0.46,5.51,360364.35
1,22.434,70.81,37.1,684,1.1,1.37,2.09,266053.64
1,21.329,69.83,37.11,687,0.86,1.36,1.98,257928.56
0,11.566,69.86,38.22,701,0.37,0.69,1.02,336360.36
0,39.287,84.47,36.52,751,0.63,0.1,4.07,394761.27
0,17.531,69.31,38.49,695,0.34,0.78,1.59,332777.62
0,32.179,65.29,33.94,752,0.6,0.15,3.18,315213.58
1,26.478,89.4,40.57,696,1.07,1.76,2.53,233826.98
1,11.538,86.15,37.78,755,0.43,-0.45,1.02,299303.45
0,35.417,67.6,38.28,696,0.89,0.64,3.58,321868.1
1,7.076,85.86,39.99,691,0.66,1.65,0.61,236606.14
1,18.867,86.35,38.45,702,1.15,1.1,1.73,238883.69
1,25.47,83.44,38.47,706,0.33,1.09,2.42,244141.2
1,17.484,68.05,36.88,705,0.68,1.35,1.59,238332.09
0,23.12,68.82,36.86,692,0.35,0.63,2.17,314610.45
1,41.355,84.87,37.95,755,0.64,-0.43,4.35,292971.06
1,6.806,87.21,37.2,721,0.37,0.73,0.59,218523.63
1,18.076,70.74,35.64,764,0.41,-0.54,1.65,351428.7
1,12.519,88.84,38.65,687,1.08,1.53,1.11,238381.73
0,45.457,68.79,38.08,707,1.11,0.58,4.93,326956.02
1,11.258,85.17,37.74,716,0.64,1.1,0.99,239682.53
1,18.329,69.73,37.24,700,0.82,1.18,1.67,245415.96
0,34.241,68.44,38.82,704,0.8,0.65,3.43,337250.14
0,24.784,70.66,38.74,687,0.35,0.78,2.35,340202.45
1,18.262,74.47,39.36,682,1.16,1.61,1.67,252217.01
0,48.979,67.6,38.4,702,1.06,0.62,5.45,320815.24
0,67.064,70.49,35.94,761,0.85,-0.2,8.84,355949.1
0,37.266,70.91,39.09,684,0.83,0.78,3.81,337507.09
1,18.811,82.84,37.64,698,1.16,1.14,1.72,230780.44
1,22.466,82.97,38.06,704,0.83,1.02,2.1,246150.95
1,12.188,69.6,36.79,706,0.89,1.36,1.08,273232.61
1,20.093,83.3,38.08,706,0.61,1.06,1.85,230771.62
0,60.372,84.85,37.09,732,1.07,0.55,7.42,369143.05
1,31.154,82.27,37.81,721,1.07,0.69,3.06,246609.98
0,20.302,68.32,37.41,697,0.41,0.64,1.87,326372.94
0,49.963,67.4,36.59,715,1.05,0.49,5.61,316767.71
0,28.35,65.81,34.19,749,0.58,0.18,2.74,319775.9
0,19.762,69.16,36.48,696,0.63,0.58,1.82,316259.07
0,33.222,84.51,36.51,750,0.61,0.16,3.31,390533.54
0,26.851,65.77,33.06,758,0.42,0.04,2.57,338451.72
1,26.394,89.64,40.84,699,1.13,1.74,2.52,227448.4
1,17.496,70.82,35.73,769,0.39,-0.49,1.59,363261.53
0,48.294,65.57,33.71,765,0.4,-0.11,5.35,361631.69
1,15.087,69.49,37.41,684,0.66,1.38,1.35,251823.2
1,24.733,82.42,37.54,722,0.91,0.63,2.34,245534.29
0,57.303,69.12,35.52,764,0.9,-0.18,6.85,336654.31
0,32.764,68.37,37.81,696,0.62,0.65,3.25,327681.18
0,75.009,84.69,36.75,742,0.88,0.35,10.91,367651.25
0,41.497,70.09,35.5,767,0.69,-0.19,4.37,346761.67
0,29.199,70.18,39.03,684,0.9,0.77,2.84,339205
1,14.753,89.4,39.77,693,1.1,1.63,1.32,235026.99
0,63.047,71.02,34.5,764,0.59,-0.39,7.96,390010.83
1,16.387,86.38,40.41,696,0.91,1.66,1.48,229180.19
0,36.179,67.23,34.55,731,0.65,0.34,3.67,319058.83
0,51.9,68.09,37.95,714,1.12,0.57,5.92,324529.18
1,22.595,69.94,37.59,691,0.89,1.27,2.11,246357.02
0,72.979,84.58,36.69,744,0.85,0.29,10.33,378119.09
0,36.064,67.97,38.15,715,1.15,0.55,3.66,331791.87
0,45.71,84.48,36.52,748,0.67,0.22,4.96,388280.01
1,16.164,85.2,38.15,705,0.85,1.06,1.46,239036.34
0,42.224,71.23,36.08,766,0.41,-0.25,4.47,367629.42
1,18.271,86.75,40.7,697,1.08,1.66,1.67,225728.5
0,16.141,69.69,38.9,704,0.38,0.67,1.46,339645.32
0,39.194,66.18,34.42,745,0.64,0.23,4.06,324242.61
1,13.681,69.58,37.49,682,0.89,1.39,1.22,253520.01
0,15.492,67.67,35.11,758,0.34,0.03,1.39,347579.48
1,15.527,69.59,37.52,679,1.06,1.43,1.4,255927.42
0,44.533,67.96,38.26,704,0.81,0.61,4.79,328301.07
0,25.566,69.75,33.57,752,0.37,0.15,2.43,310444
0,45.47,67.45,35.87,722,0.86,0.42,4.93,328076.57
1,11.874,82.32,36.62,734,0.37,0.52,1.05,259467.04
0,50.913,67.6,37.88,721,1.11,0.46,5.76,320291.24
1,21.63,70.4,37.97,694,1.08,1.27,2.01,232053.71
1,19.422,71.15,38.02,673,0.86,1.57,1.78,259519.93
1,12.014,82.04,35.21,749,0.4,-0.02,1.06,263036.48
0,43.908,66.51,34.75,741,0.82,0.27,4.7,323313.43
1,18.159,85.83,38.36,702,0.85,1.16,1.66,232421.5
1,16.944,85.77,40.84,698,1.15,1.63,1.54,227068.95
1,18.946,70.93,35.53,769,0.44,-0.44,1.74,360867.83
0,58.444,85.16,36.43,742,0.8,0.37,7.06,367806.12
0,22.154,68.97,38.1,717,0.35,0.57,2.07,336038.05
1,18.635,70.99,38.04,674,0.65,1.62,1.7,257137.62
0,49.046,68.6,35.48,763,0.85,-0.12,5.46,333935.97
1,13.674,85.27,38.41,700,0.84,1.27,1.22,220279.14
0,28.819,69.22,35.34,718,0.63,0.41,2.79,311968.86
1,23.207,68.5,36.91,702,1.11,1.22,2.18,250262.52
0,26.176,66.81,33.98,749,0.37,0.17,2.5,323679.38
0,25.711,69.95,33.31,758,0.37,0.04,2.45,323259.93
0,31.051,69.73,34.38,737,0.6,0.26,3.05,312826.3
1,57.612,72,35.45,765,0.65,-0.37,6.9,352476.32
1,47.552,87.82,37.68,753,0.65,-0.35,5.24,333353.31
1,18.134,69.94,37.78,681,1.13,1.45,1.65,246951
0,45.996,65.94,33.58,756,0.59,0.07,5,336100.29
0,23.047,68.72,35.67,758,0.45,-0.02,2.16,345775.13
1,31.058,83.1,38.01,704,1.07,1,3.05,242050.05
0,48.774,66.94,35.48,737,0.86,0.31,5.42,327007.16
0,63.119,70.92,35.98,759,0.89,-0.13,7.98,357206.55
1,24.31,82.31,36.92,730,0.83,0.47,2.29,250345.11
1,16.734,71.32,38.48,675,0.89,1.64,1.51,251880.48
0,19.961,69.33,35.47,714,0.6,0.43,1.84,313817.16
1,20.363,82.01,36.05,748,0.35,0.12,1.88,263257.77
0,43.797,68.13,37.96,726,1.1,0.47,4.69,332137.92
1,16.347,70.42,36.32,701,1.08,1.2,1.48,271124.82
1,20.987,69.21,36.76,703,0.39,1.22,1.94,256914.95
1,6.7,84.39,38.24,702,0.63,1.13,0.58,230327.21
0,25.102,70.62,38.15,712,0.4,0.55,2.38,335094.37
1,11.193,88.89,38.37,706,0.9,1.14,0.98,252449.03
0,25.645,84.9,34.78,758,0.31,0,2.44,395947.99
0,38.127,71.91,34.58,766,0.4,-0.39,3.92,404779.84
1,14.739,85.57,38.45,700,0.82,1.28,1.32,221445.61
1,19.451,82.28,36.83,735,0.67,0.41,1.79,255366.99
0,63.88,71.27,35.74,760,0.84,-0.18,8.14,367466.1
1,23.356,71.36,38.95,676,1.06,1.63,2.19,255985.82
1,47.697,70.27,35.73,767,0.64,-0.42,5.26,352516.76
1,10.54,90.26,40.81,703,1.11,1.57,0.92,233073.7
1,32.928,84.38,37.53,758,0.6,-0.33,3.27,305392.82
1,23.71,72.53,37.92,675,1.08,1.53,2.23,261827.38
1,22.625,83.47,38.61,698,1.07,1.42,2.11,225693.67
0,41.177,70.68,38.96,704,0.85,0.65,4.33,328630.96
1,21.899,72.88,38.09,673,1.1,1.6,2.04,266885.67
1,14.191,69.52,36.65,715,0.62,1.09,1.27,282291.63
1,5.341,91.02,41.35,701,1.18,1.66,0.46,216268.55
1,8.785,84.09,38.11,704,0.65,1.03,0.76,240530.57
0,23.842,69.6,34.47,734,0.61,0.28,2.24,313466.58
1,21.89,69.57,37.65,699,0.89,1.17,2.04,229475.3
1,17.368,68.16,37.15,716,0.42,1.09,1.58,264099.09
0,28.531,66.71,33.96,753,0.42,0.14,2.76,338515.26
0,40.428,67.04,34.82,741,0.57,0.27,4.22,330910
1,23.271,68.76,36.48,703,0.63,1.08,2.18,249857.99
1,23.448,88.89,37.26,756,0.37,-0.35,2.2,342668.95
1,6.772,85.84,37.4,718,0.38,0.84,0.58,245657.38
0,49.137,69.25,35.76,764,0.6,-0.12,5.48,345277.12
0,65.556,69.21,35.63,764,1.1,-0.07,8.5,324987.2
1,18.472,70.21,36.31,703,1.13,1.06,1.69,262575.76
1,34.99,72.79,35.22,766,0.37,-0.38,3.52,361770.08
0,33.904,66.42,33.74,756,0.34,0.08,3.39,343668.9
1,13.588,86.14,38.05,709,0.85,0.99,1.21,251033.17
1,29.319,82.59,36.88,759,0.37,-0.18,2.85,289407.87
1,18.923,73.85,38.91,687,1.1,1.46,1.73,273307.49
0,36.593,68.27,35.43,759,0.67,0.01,3.73,331451.49
0,18.046,68.46,36.28,716,0.31,0.48,1.64,333115.84
1,7.459,83.15,37.5,714,0.34,0.73,0.64,255355.05
1,11.782,89.06,38.34,704,1.11,1.01,1.04,252535.05
1,13.397,83.68,38.11,709,0.38,0.86,1.19,248753.16
0,28.611,69.34,37.71,730,0.58,0.43,2.77,340263.27
0,48.572,70.38,38.95,709,1.17,0.64,5.39,322509.71
0,18.455,70.06,33.6,756,0.38,0.07,1.69,326497.53
1,13.06,86.23,38.38,701,0.87,1.14,1.16,232606
1,15.434,85.78,38.53,700,0.87,1.34,1.39,223410.54
0,27.545,70.83,38.2,715,0.57,0.53,2.65,332476.72
1,21.117,85.26,37.07,759,0.35,-0.33,1.96,313278.69
1,22.609,70.52,39.2,683,1.13,1.59,2.11,252898.8
0,39.818,68.73,37.68,734,1.08,0.37,4.14,332941.8
0,57.165,66.14,34.38,754,0.62,0.1,6.82,340248.5
0,44.807,68.31,37.28,735,0.9,0.33,4.83,328784.45
0,31.531,68.95,37.85,729,0.67,0.46,3.11,342757.74
0,56.262,70.43,36.17,758,1.09,0.01,6.66,328883.87
0,46.142,71.14,38.51,717,1.08,0.6,5.03,323066.3
0,18.441,67.73,35.27,757,0.36,0.08,1.68,344654.98
1,12.38,82.61,37.85,720,0.4,0.7,1.1,264021.86
0,57.81,67.79,37.15,737,1.07,0.3,6.94,322829.86
1,16.639,82.16,36.33,744,0.43,0.25,1.51,259559.97
0,63.254,70.87,36.54,752,1.12,0.06,8,331280.58
1,12.322,85.39,38.72,700,0.85,1.37,1.09,223347
0,45.396,70.18,35.99,762,0.92,-0.01,4.92,325445.46
1,51.037,84.84,37.55,759,0.86,-0.29,5.78,303570.66
0,23.507,70.05,38.42,716,0.64,0.5,2.21,332112.93
1,17.967,82.06,36.48,743,0.57,0.28,1.64,261914.82
0,50.632,66.55,35.54,743,0.82,0.26,5.71,330738.67
1,9.874,85.61,38.81,700,0.88,1.4,0.86,225972.79
0,31.761,66.45,33.93,760,0.39,-0.01,3.13,357800.04
1,7.083,84.28,38.2,701,0.66,1.18,0.61,230177.72
0,32.404,68.32,37.59,714,0.65,0.52,3.21,334406.71
0,33.797,68.08,35.85,753,0.59,0.11,3.38,335226.66
1,17.322,70.76,37.54,689,0.85,1.26,1.57,250720.05
0,49.749,69.49,37.81,727,1.15,0.42,5.57,331837.33
1,27.54,82.13,36.07,757,0.36,-0.17,2.65,277056.18
0,32.728,68.33,36.73,745,0.86,0.25,3.25,324696.29
1,30.133,82.33,37.28,728,1.13,0.55,2.94,262816.97
0,60.945,71.68,35.87,760,0.6,-0.14,7.54,372459.36
0,13.456,69.58,35.2,724,0.39,0.36,1.2,322585.68
0,48.381,66.59,33.93,766,0.4,-0.05,5.36,348739.78
1,6.615,91.33,41.01,702,1.13,1.49,0.57,236989.12
0,31.848,67.6,36.15,732,0.64,0.36,3.14,339027.87
0,35.568,84.93,34.97,755,0.37,0.1,3.6,393191.36
1,24.408,82.83,37.91,711,0.91,0.89,2.3,250870.03
0,40.056,66.97,34.97,746,0.63,0.21,4.17,344229.9
0,52.784,72.08,35.52,762,0.65,-0.18,6.06,387427.89
1,10.366,83.62,38.33,699,0.91,1.27,0.91,234737.24
1,9.958,90.91,40.76,704,1.15,1.43,0.87,236143.71
0,48.639,66.81,34.61,762,0.57,0.03,5.4,338687.62
0,42.54,68.89,37.31,740,1.15,0.32,4.51,327226.1
0,37.472,70.17,35.77,764,0.85,0,3.84,327506.2
0,21.242,69.42,34.09,745,0.38,0.18,1.97,321878.22
0,35.58,67.59,36.63,731,0.6,0.4,3.6,337107.01
1,20.823,70.82,37.48,687,0.82,1.28,1.93,249862.51
0,58.276,67.52,36.09,747,0.83,0.22,7.03,330223.19
1,10.891,84.39,38.25,700,0.84,1.23,0.96,230505.69
0,48.05,66.09,34.31,759,0.57,0.04,5.31,352411.35
0,43.864,68.16,37.28,729,0.87,0.4,4.7,334030.1
0,28.258,68.58,36.11,752,0.84,0.18,2.73,324303.55
1,16.26,82.81,38.02,715,0.59,0.78,1.47,261990.72
1,45.625,72.43,35.04,767,0.59,-0.4,4.95,353399.98
1,13.45,86.12,38.09,707,0.89,0.9,1.2,253481.83
1,23.601,83.22,39.34,700,1.18,1.4,2.22,230379.72
1,20.901,70.54,37.22,697,0.84,1.14,1.93,242223.89
1,25.36,70.97,37.46,686,0.88,1.32,2.41,250501.85
1,14.729,88.06,37.42,757,0.46,-0.31,1.32,331502.45
0,55.062,70,35.48,766,0.9,-0.06,6.45,334502.06
1,8.576,69.63,36.14,721,0.39,0.85,0.74,297253
0,56.602,71.62,35.98,763,0.68,-0.09,6.72,356908.24
0,31.555,67.68,36.86,729,0.58,0.41,3.11,334861.43
1,19.511,71.08,37.71,681,0.89,1.39,1.79,255020.8
1,10.837,83.36,38.07,711,0.36,0.83,0.95,249109.06
0,46.603,71.02,37.69,717,1.16,0.57,5.09,333924.07
0,29.015,68.07,36.2,747,0.61,0.18,2.82,336607.31
0,45.507,69.63,37.55,737,0.88,0.37,4.93,339999.71
0,16.287,69.59,34.39,741,0.35,0.21,1.47,324764.63
1,25.493,82.43,37.37,723,1.16,0.63,2.42,258940.85
1,15.034,70.93,37.57,684,0.86,1.35,1.35,251518.59
1,34.519,88.19,37.01,756,0.6,-0.39,3.47,331961.21
1,14.789,89.05,38.13,705,1.09,0.96,1.32,253259.4
1,20.813,70.6,38.01,685,1.08,1.39,1.93,247269.29
0,28.159,85.24,34.38,761,0.36,0.03,2.72,382525.85
1,11.896,68.46,36.49,703,0.61,1.05,1.05,249705.48
0,56.442,67.61,36.86,737,0.86,0.33,6.69,328698.47
1,35.767,70.3,35.63,767,0.6,-0.34,3.62,340468.2
0,36.65,68.93,35.89,757,0.91,0.12,3.73,325263.63
0,67.299,71.24,36.57,750,1.07,0.03,8.89,344850.18
0,39.624,66.52,34.08,766,0.36,-0.05,4.12,354415.81
1,16.087,69.01,36.81,706,0.33,1.12,1.45,263225.89
1,11.412,82.05,35.4,755,0.44,-0.04,1,267818.9
0,27.873,68.8,36.06,753,0.39,0.11,2.69,343446.75
1,21.784,88.18,38.78,702,1.08,1.38,2.03,226385.39
1,8.164,88.74,37.74,714,0.64,0.86,0.71,263489.38
1,23.553,82.94,37.92,710,1.12,0.92,2.21,253238.4
0,23.392,67.73,35.36,756,0.41,0.12,2.2,342965.53
1,15.638,73.34,34.92,768,0.41,-0.4,1.41,366898.37
0,46.215,67.67,37,732,0.82,0.38,5.04,331307.76
1,18.66,82.48,37.35,721,1.11,0.66,1.71,245009.06
0,45.497,70.12,35.51,764,0.88,0.01,4.93,327697.55
1,13.507,87.99,40.08,701,0.81,1.51,1.2,228791.12
1,11.217,87.75,39.77,701,0.84,1.5,0.99,226669.77
1,24.117,72.53,35.33,768,0.45,-0.33,2.27,355894.59
0,61.972,69.32,35.6,762,1.13,0.04,7.74,318408.2
0,39.04,67.76,36.97,730,0.64,0.39,4.04,335369.58
0,26.53,69.33,36.69,746,0.42,0.25,2.54,338200.08
1,22.257,70.73,35.73,767,0.35,-0.34,2.08,347405.83
1,14.18,74.36,39.35,689,1.12,1.39,1.27,260625.03
1,23.856,72.33,36.68,706,0.89,1.1,2.25,283379.78
0,55.306,70.61,37.83,734,1.12,0.39,6.49,317045.08
1,20.861,69.57,36.48,703,0.84,1.05,1.93,251037.55
0,36.419,69.64,35.85,760,0.68,0.06,3.7,341088.37
0,27.038,71.66,35.59,766,0.36,-0.07,2.59,348472.71
1,9.839,89.53,36.84,757,0.41,-0.4,0.86,342646.96
0,33.583,72.23,34.65,766,0.41,-0.19,3.35,392456.5
0,47.493,70.95,37.59,724,1.09,0.47,5.23,335483.72
0,55.835,69.13,35.7,760,1.09,0.07,6.58,322173.28
1,7.125,84.11,38.13,703,0.34,1.07,0.61,236942.09
1,21.708,72.37,38.45,679,0.85,1.51,2.02,266764.28
0,49.303,70.69,37.92,734,0.91,0.4,5.5,321696.21
1,13.329,88.7,40.32,702,0.87,1.49,1.19,232959.3
0,27.327,66.85,34.74,753,0.41,0.13,2.62,352632.12
0,52.821,85.11,35.15,752,0.54,0.16,6.07,385403.44
1,24.135,72.17,37.62,680,1.09,1.38,2.28,262708.07
1,9.993,85.41,38.16,702,0.6,1.03,0.87,244267.35
1,10.334,86.24,40.01,700,0.67,1.42,0.9,236861.31
0,48.778,70.13,37.06,750,1.16,0.2,5.42,316288.62
1,11.2,68.74,36.86,706,0.57,0.98,0.98,253422.43
1,12.284,86.72,40.45,700,0.84,1.41,1.09,238468.13
0,51.641,67.14,35.27,754,0.61,0.15,5.87,340474.04
1,19.216,84.54,38.82,702,1.07,1.22,1.76,245709.42
1,22.838,87.23,40.81,701,1.08,1.32,2.14,241101.27
1,23.182,74.03,39.14,690,1.14,1.33,2.17,267947.93
1,20.302,72.55,38.75,680,0.83,1.52,1.87,271348.74
1,15.506,83.7,37.78,756,0.42,-0.12,1.39,299057.49
1,26.668,82.18,36.33,739,0.88,0.31,2.55,257023.81
0,34.107,68.15,36.4,742,0.65,0.26,3.42,335539.28
1,7.887,90.97,40.7,702,0.92,1.39,0.68,241532.95
0,23.802,69.14,36.89,738,0.33,0.3,2.24,340112.22
1,54.266,70.71,35.3,769,0.86,-0.3,6.31,340261.39
1,18.252,84.29,38.49,703,0.84,1.16,1.67,246506.59
0,37.978,69.73,36.12,753,0.64,0.18,3.9,337745.36
1,18.241,68.16,37.31,710,0.88,0.99,1.66,265491.05
1,11.995,69.59,37.15,698,0.62,1.12,1.06,239225.6
1,20.824,82.02,35.23,759,0.37,-0.12,1.93,281106.07
1,24.734,85.92,37.53,757,0.69,-0.24,2.34,312032.58
1,15.714,82.06,35.36,755,0.39,-0.03,1.41,268923.8
1,10.878,85.69,38.16,706,0.59,0.92,0.96,247102.67
0,45.152,70.91,37.45,730,1.12,0.37,4.88,334159.12
1,13.116,84.85,37.97,709,0.59,0.85,1.16,251877.51
1,32.494,85.42,37.04,760,0.67,-0.27,3.22,317095.11
0,45.798,69.98,36.94,750,1.09,0.2,4.98,316771.53
1,10.786,85.95,39.26,701,0.64,1.36,0.95,232829.86
0,44.477,70.35,35.45,763,0.93,0.03,4.78,328285.09
1,18.788,70.62,37.03,697,0.85,1.12,1.72,241791.09
1,9.943,85.79,37.43,721,0.6,0.74,0.87,263555.17
1,19.193,86.05,40.6,701,0.91,1.37,1.76,241954.03
1,18.765,83.04,37.9,717,0.82,0.76,1.72,261578.52
0,58.766,71.72,36.31,756,0.83,0.05,7.12,343514.43
1,22.827,72.27,36.4,706,1.11,0.96,2.14,281308.17
0,27.52,66.78,34.87,753,0.36,0.17,2.65,349504.47
1,15.054,70.03,36.94,710,0.86,1,1.35,283044.65
0,26.081,68.27,36.67,729,0.37,0.4,2.49,339901.02
0,48.42,71.51,35.9,763,0.65,-0.01,5.37,342563.87
0,38.23,68.04,36.91,732,0.57,0.38,3.94,339122.3
1,19.98,82.08,35.68,751,0.65,0.12,1.84,265359.36
0,44.649,71.24,37.26,736,1.17,0.32,4.81,332261.97
0,22.423,85.35,34.04,764,0.32,0,2.09,372247.33
1,21.134,82.47,37.52,720,1.08,0.69,1.96,252849.95
0,36.133,85.29,34.5,760,0.39,0.11,3.67,378622.75
0,54.135,85.17,35.36,750,0.58,0.23,6.29,379426.7
0,48.366,69.92,37.06,749,1.11,0.24,5.36,323821.8
1,11.537,85.86,38.12,703,0.58,1.05,1.02,245300.37
0,63.178,71.32,36.86,747,1.13,0.18,7.99,333568.45
1,20.978,85.63,37.53,759,0.62,-0.23,1.94,311174.71
1,8.908,84.29,38.07,708,0.37,0.88,0.77,246884.58
0,54.134,69.69,37.33,743,1.08,0.29,6.29,335594.79
0,37.282,67.95,36.19,745,0.64,0.26,3.81,342825.18
0,46.495,70.06,36.46,752,0.91,0.21,5.08,337826.98
1,17.833,83.89,38.91,706,0.93,1.14,1.62,245013.11
0,27.25,71.41,35.66,765,0.45,0,2.62,343010.15
1,19.162,72.71,39.05,685,0.88,1.48,1.76,269567.11
0,42.108,67.1,35.32,754,0.57,0.16,4.45,344786.38
1,12.891,86.2,38.09,702,0.63,1.09,1.14,247525.91
1,8.449,89.69,40.59,701,0.86,1.34,0.73,243337.16
1,12.388,88.93,37.68,712,0.88,0.76,1.1,265867.66
0,45.815,70.13,37.28,747,1.16,0.26,4.98,328195.01
0,54.53,69.86,35.72,761,0.84,0.07,6.36,334561.68
0,27.171,67.45,34.79,760,0.39,0.05,2.61,349516.79
0,27.584,66.96,35.17,754,0.39,0.16,2.65,346624.8
0,23.048,66.95,35.07,753,0.33,0.17,2.16,347161.17
0,58.613,72.23,36.43,754,0.88,0.02,7.09,364835.77
1,17.923,82.19,36.67,734,0.91,0.39,1.63,259402.08
1,25.262,84.28,39.57,706,1.14,1.16,2.4,239691.09
1,9.999,86.53,38.53,702,0.65,1.16,0.87,248182.9
1,11.521,86.17,38.3,702,0.61,1.12,1.01,249661.67
1,10.384,91.3,40.54,701,1.16,1.33,0.91,242124.17
1,12.479,89.1,38.11,706,1.11,0.93,1.1,253034.46
0,35.077,70.98,37.89,735,0.58,0.38,3.54,339578.45
1,9.749,84.06,37.98,711,0.4,0.8,0.85,253603.19
0,43.453,72.15,36.95,746,0.9,0.19,4.64,352181.47
1,18.601,82.44,37.67,719,1.15,0.74,1.7,255961.53
1,40.37,86.72,37.72,754,0.86,-0.19,4.22,315809.08
0,54.446,70.95,37.51,741,1.15,0.3,6.34,324743.64
1,35.227,71.32,35.26,768,0.68,-0.24,3.55,333972.38
1,21.459,82.16,36.61,733,0.86,0.41,1.99,254487.49
1,17.846,68.89,36.64,703,0.64,1.03,1.62,248880.47
1,20.865,68.71,36.92,703,0.83,1.03,1.93,240383.64
1,15.05,88.8,39.3,702,0.88,1.37,1.35,234636.63
1,23.543,69.2,37.64,698,1.16,1.15,2.21,235593.49
0,64.715,71.78,37.6,724,1.1,0.54,8.31,343909.87
0,57.166,70.16,36.31,755,1.13,0.15,6.82,332046.75
1,15.613,88.52,39.11,702,0.87,1.32,1.4,234907.02
1,48.913,71.67,35.53,765,0.85,-0.21,5.44,337228.71
0,28.068,68.09,36.24,742,0.42,0.29,2.71,347147.59
1,12.684,86.03,38.07,706,0.61,0.89,1.12,246868.57
1,13.178,82.75,37.28,727,0.34,0.55,1.17,274530.01
0,39.884,71.31,37.67,740,0.81,0.35,4.15,335360.42
0,51.742,71.37,36.53,755,0.92,0.12,5.89,339553.17
0,56.65,71.03,37.19,745,1.08,0.24,6.73,332153.67
1,30.47,82.06,35.71,758,0.41,-0.11,2.98,275940.48
1,22.333,85.59,37.34,760,0.65,-0.22,2.08,312613.24
1,6.259,84.38,37.97,709,0.41,0.91,0.54,249575.53
1,17.061,71.96,36.61,716,0.65,0.85,1.55,296411.32
0,32.068,67.68,35.49,753,0.33,0.16,3.17,350822.99
0,48.055,71.88,37.08,742,0.84,0.24,5.31,352712.32
1,12.614,83.88,38.12,708,0.65,0.99,1.12,251074.2
1,12.779,86.23,40.4,706,0.66,1.13,1.13,247894.55
1,13.186,87.19,39.91,705,0.6,1.16,1.17,239990.03
1,7.499,86.89,39.46,706,0.42,1.16,0.65,243045.33
1,11.252,69.73,37.32,695,0.65,1.15,0.99,243869.25
1,13.306,85.97,37.47,719,0.64,0.65,1.18,258144.88
1,9.818,89.12,39.95,702,0.58,1.27,0.86,250275.14
0,64.562,71.9,37.43,728,1.06,0.44,8.28,346314.36
1,6.276,88.35,37.12,727,0.4,0.62,0.54,277902.89
1,8.299,88.65,39.46,702,0.6,1.26,0.72,251919.4
0,42.277,72.3,35.79,757,0.67,0.03,4.48,376515.23
1,22.934,71.2,35.32,768,0.62,-0.24,2.15,337713.83
0,19.555,72.04,37.53,743,0.34,0.31,1.8,347939.91
1,22.529,83.04,37.94,714,1.15,0.84,2.1,261236.33
1,25.675,68.06,37.17,708,1.15,0.88,2.44,256532.96
1,9.7,84.62,38.03,709,0.58,0.95,0.85,248882.22
1,14.464,74.08,39.23,693,0.91,1.31,1.29,261646.5
1,12.757,69.89,37.37,694,0.82,1.2,1.13,245151.69
1,17.334,87.51,37.33,759,0.42,-0.24,1.57,321405.79
1,7.994,86.83,38.44,706,0.38,1.09,0.69,247274.91
1,19.944,69.44,38.48,687,1.16,1.37,1.84,255688.98
1,8.118,91.21,40.55,703,0.89,1.24,0.7,249688.31
1,12.943,71,37.96,686,0.61,1.33,1.15,260505.12
1,13.321,68.59,36.81,707,0.64,0.94,1.18,245153.36
1,33.847,71.06,35.33,769,0.67,-0.27,3.38,345029.99
0,29.987,72.19,34.67,765,0.35,-0.14,2.93,390700.83
0,39.443,71.88,37.17,738,0.82,0.3,4.09,351031.69
1,15.155,71.01,38.59,685,0.65,1.39,1.36,262544.52
1,23.48,71.06,39.08,696,1.09,1.3,2.21,269842.16
1,10.646,86.18,39.29,702,0.36,1.32,0.93,239728.81
0,50.311,71.89,37.22,734,0.88,0.37,5.66,349414.25
1,10.802,90.63,40.68,701,0.9,1.2,0.95,251808.7
1,15.299,71.18,38.86,687,0.82,1.38,1.37,264630.64
1,14.338,89.72,38.21,703,1.14,1.11,1.28,250503.2
1,10.837,88.4,38.46,702,0.85,1.13,0.95,249708.02
0,52.589,71.34,37.09,752,0.89,0.19,6.03,335895.34
1,9.784,89.47,40.27,703,0.64,1.25,0.85,253197.1
1,16.662,82.79,37.45,721,0.67,0.66,1.51,265798.08
0,20.546,71.3,37.42,745,0.4,0.28,1.9,348252.35
1,14.021,82.14,35.73,748,0.66,0.16,1.25,262934.32
1,8.213,85.86,36.69,735,0.35,0.5,0.71,273667.92
1,17.146,82.2,36.72,731,0.83,0.44,1.56,261645.17
1,14.605,68.75,36.77,708,0.38,0.89,1.31,262701.78
1,14.588,87.32,40.58,705,0.85,1.09,1.31,261891.93
0,37.561,71.35,37.06,752,0.68,0.2,3.85,338717.03
1,16.743,69.75,37.6,694,0.89,1.23,1.52,247228.36
1,24.863,72.25,36.48,708,1.1,0.93,2.35,271527.28
1,12.52,70.18,36.68,708,0.89,0.88,1.11,266087.26
1,22.16,68.61,36.95,704,1.06,1.01,2.07,241777.27
0,34.629,71.92,36.38,759,0.59,0.14,3.48,342921.91
0,55.224,71.97,37.24,730,1.07,0.53,6.48,346860.52
1,13.595,73.14,39.15,694,0.86,1.31,1.21,276807.66
0,40.487,85.24,35.09,754,0.57,0.21,4.23,374652.63
1,11.352,82.03,35.23,755,0.36,0,1,273707.67
1,16.222,82.07,35.76,748,0.61,0.17,1.46,261533.57
1,14.816,88.85,37.64,713,0.86,0.72,1.33,269058.97
1,31.508,69.64,34.71,769,0.37,-0.17,3.1,331697.13
0,43.403,72.15,35.75,756,0.62,0.07,4.63,369601.11
1,12.373,83.45,37.81,754,0.35,0,1.09,294951.9
1,58.157,72.49,35.37,764,0.84,-0.19,7,330206.36
1,25.065,72.23,35.21,769,0.41,-0.25,2.38,339970.17
1,19.081,70.31,39.15,692,0.89,1.35,1.75,265040.92
0,31.006,71.78,36.44,757,0.35,0.16,3.05,345496.07
1,18.003,72.56,38.19,684,0.85,1.35,1.64,265885.39
1,20.578,70.34,35.79,764,0.41,-0.12,1.9,326005.4
1,20.94,68.54,36.72,722,0.62,0.74,1.94,275220.1
1,62.167,72.18,35.6,763,0.9,-0.13,7.78,331828.2
1,26.238,71.18,35.26,769,0.64,-0.23,2.5,338102.78
1,12.571,84.88,37.38,721,0.35,0.6,1.11,263341.01
1,22.453,82.25,36.88,730,0.9,0.49,2.1,261385.77
1,17.169,72.31,37.8,686,0.84,1.29,1.56,262622.03
1,9.963,89.05,38.58,706,0.62,1.11,0.87,248834.16
1,13.85,70.12,36.39,722,0.6,0.73,1.23,286131.39
1,19.332,82.87,37.19,728,0.57,0.52,1.77,275405.99
0,65.956,72.15,36.37,745,0.88,0.31,8.59,352610.55
1,5.985,90.98,40.41,703,0.68,1.14,0.51,258915.47
1,24.984,82.91,37.56,720,0.88,0.68,2.37,265857.59
1,11.236,68.58,37.03,713,0.34,0.78,0.99,272851.73
1,7.733,89.95,40.47,705,0.62,1.11,0.67,263844.99
0,35.313,72.15,35.88,754,0.6,0.13,3.56,367086.89
1,22.774,82.98,39.07,714,1.11,0.89,2.13,263430.61
1,8.86,88.62,38.3,706,0.61,1.04,0.77,248242.25
1,23.153,85.8,37.19,760,0.69,-0.18,2.17,311206.16
1,22.298,84.42,40.04,709,1.14,1.01,2.08,256789
1,29.184,82.28,37.14,728,1.07,0.52,2.83,261756.28
0,53.201,72.43,36.01,745,0.8,0.32,6.13,354377.42
1,37.374,82.39,37.51,726,1.12,0.55,3.82,261430.89
1,15.314,84.24,38.78,710,0.8,0.95,1.38,259299.08
0,62.206,72.15,36.11,748,0.84,0.24,7.79,358411.2
1,11.097,85.66,37.51,715,0.36,0.68,0.98,264223.42
1,19.125,83.2,39.47,713,1.09,0.91,1.75,262908.77
1,16.364,74.18,39.24,694,1.16,1.27,1.48,262136.22
1,22.484,83.31,39.8,713,1.15,0.91,2.1,264927.81
1,14.31,88.77,37.98,706,1.13,0.92,1.28,253209.08
1,26.198,69.26,37.8,695,1.08,1.22,2.5,254907.8
1,25.51,82.82,37.85,718,1.08,0.76,2.42,266601.08
1,10.907,84.04,38.36,711,0.58,0.89,0.96,260726.82
1,16.846,69.65,36.83,703,0.6,1.03,1.53,251836.33
1,52.087,84.68,37.3,759,0.9,-0.16,5.95,299409.78
0,51.171,72.14,35.98,751,0.66,0.18,5.8,364378.38
1,31.507,73.31,35.25,766,0.65,-0.19,3.1,345745.73
1,25.085,87.76,40.41,707,1.08,0.95,2.38,268497.93
1,28.134,82.53,36.77,759,0.4,-0.06,2.72,285984.84
1,56.589,87.96,37.7,754,0.9,-0.11,6.72,316297.61
1,47.464,88.33,37.41,753,0.84,-0.17,5.22,315808.92
1,18.233,72.03,36.87,713,0.89,0.77,1.66,290999.97
1,7.428,88.37,37.04,727,0.63,0.52,0.64,274261.38
1,12.309,89.1,37.91,706,1.1,0.93,1.09,251622.12
1,19.977,83.02,38.67,714,1.16,0.85,1.84,259766.37
1,17.743,69.07,37.47,698,0.85,1.15,1.61,254487.17
1,18.232,69.71,36.53,707,0.6,0.92,1.66,256729.81
1,16.039,70.41,37.4,697,0.66,1.15,1.45,256683.35
1,7.015,91.26,40.37,703,0.92,1.08,0.6,263357.15
1,13.822,82.02,35.24,754,0.42,0.05,1.23,273165.74
1,10.178,85.85,36.64,734,0.4,0.41,0.89,272294.72
1,24.301,68.82,38.12,700,1.13,1.15,2.29,247585.99
1,15.116,69.86,36.83,702,0.58,1.04,1.36,253835.42
1,11.374,70.59,38.49,699,0.59,1.15,1,255286.15
1,15.255,73.45,39.29,698,0.9,1.18,1.37,281160.11
1,13.747,69.27,37.06,701,0.33,1.06,1.22,249282.22
1,10.76,68.59,36.68,710,0.36,0.85,0.94,263063.14
1,8.368,85.28,37.88,712,0.35,0.78,0.73,254893.45
1,23.835,68.61,36.83,719,0.91,0.64,2.24,274794.24
1,16.47,70.13,36.9,701,0.63,1.08,1.49,253910.57
1,13.86,82.04,35.97,745,0.58,0.2,1.24,264668.01
1,10.923,70.41,38.16,699,0.41,1.15,0.96,253346.95
1,11.68,71.95,36.19,727,0.41,0.64,1.03,294389.2
1,19.686,72.12,36.54,708,1.11,0.91,1.81,268785.7
1,20.304,87.3,40.4,705,1.17,0.97,1.87,267115.24
1,13.83,73.8,39.2,698,0.88,1.2,1.23,278614.75
1,17.083,68.64,37.59,701,0.92,1.13,1.55,246393.16
1,16.472,69.95,38.89,701,0.66,1.13,1.49,267241.97
1,17.981,89.32,37.82,709,1.09,0.79,1.64,261793.96
0,22.545,72.41,34.78,762,0.32,-0.04,2.11,385869.92
1,10.059,70.61,38.17,691,0.34,1.3,0.88,259085.46
1,13.535,70.17,37.09,699,0.62,1.11,1.2,255004.72
1,39.136,72.87,35.6,765,0.61,-0.15,4.05,342779.3
1,10.985,70.09,36.43,720,0.64,0.64,0.97,289376.99
1,16.696,85.3,37.36,757,0.45,-0.03,1.51,306970.42
1,20.609,83.1,39.33,722,0.9,0.65,1.9,273552.82
1,14.367,69.28,36.66,710,0.59,0.84,1.28,264964.7
1,11.324,88.79,37.57,714,0.87,0.69,1,274575.95
1,20.488,83.01,38.87,722,0.83,0.66,1.89,268676.38
1,27.706,71.38,35.17,769,0.69,-0.19,2.67,335699.96
1,15.894,71.9,38.31,692,0.62,1.27,1.43,263840.63
1,39.626,82.26,37.72,729,1.06,0.48,4.12,264912.48
1,8.615,90.48,40.4,707,0.66,0.98,0.75,271113.54
1,16.127,72.13,38.6,693,0.59,1.28,1.45,263074.64
1,18.908,89.55,37.28,755,0.65,-0.18,1.73,331004.34
1,30.338,83.19,39.57,725,1.07,0.62,2.97,277350.33
1,10.028,85.71,37.83,712,0.33,0.79,0.88,257531.18
1,9.84,70.31,35.94,735,0.35,0.5,0.86,302314.8
1,20.473,82.82,38.21,723,0.86,0.63,1.89,266206.62
1,28.203,82.88,37.78,721,1.13,0.67,2.72,266474.73
1,15.564,82.39,36.67,733,0.42,0.41,1.4,270458.19
1,26.501,68.09,37.08,712,1.08,0.73,2.53,270144.86
1,7.274,86.27,38.21,710,0.39,0.89,0.63,259488.04
1,24.33,82.89,37.22,724,0.91,0.6,2.3,272640.48
1,16.125,73.56,34.54,768,0.42,-0.16,1.45,351286.72
1,10.839,91.37,40.32,702,1.09,1.06,0.95,264133.17
1,19.056,68.87,36.15,736,0.38,0.49,1.75,292106.97
1,11.144,70.43,37.3,702,0.38,1.08,0.98,251061.7
1,19.486,82.5,36.69,758,0.36,-0.05,1.79,284209.59
1,10.963,68.89,36.58,708,0.37,0.9,0.96,256118.18
1,9.353,86.03,37.9,711,0.38,0.83,0.82,257244.74
1,34.99,82.67,37.33,756,0.58,0.01,3.52,283673.43
1,24.373,84.19,40.07,714,1.08,0.89,2.3,269620.65
1,23.209,88.95,37.47,756,0.61,-0.12,2.18,327546.86
1,11.031,85.96,37.4,715,0.37,0.65,0.97,266817.64
1,16.774,72.28,38.96,696,0.65,1.26,1.52,266915.14
1,38.359,84.51,37.44,758,0.85,-0.11,3.95,298691.54
1,18.732,82.04,36.07,743,0.65,0.25,1.71,266745.21
1,25.64,82.01,35.52,753,0.59,0.07,2.44,273827.89
1,8.381,86,38.04,711,0.36,0.86,0.73,258589.69
1,5.466,90.93,40.42,705,0.63,0.99,0.47,272579.54
1,17.465,71.75,37.33,697,0.85,1.13,1.59,259536.74
1,15.595,72.67,37.06,699,1.15,1.1,1.4,258828.05
1,17.798,69.85,36.51,708,0.61,0.9,1.62,258181.99
1,13.228,83.34,37.79,753,0.37,0.06,1.18,292165.56
1,13.014,90.17,40.4,702,1.16,1.04,1.16,264735.87
1,20.579,70.63,39.2,703,0.85,1.11,1.9,274535.81
1,13.545,68.47,36.93,713,0.41,0.73,1.21,271959.97
1,29.409,69.41,33.8,769,0.36,-0.19,2.86,323354.14
1,12.817,89.54,37.83,709,1.1,0.8,1.14,260606.77
1,22.618,82.9,37.79,724,0.91,0.59,2.11,266025.1
1,14.23,86.74,40.22,716,0.57,0.84,1.27,276568.87
1,59.603,70.87,35.3,768,0.89,-0.17,7.28,324589.6
1,6.825,88.63,39.63,707,0.31,1.01,0.59,262683.41
1,20.151,84.43,39.47,716,0.92,0.79,1.86,272991.85
1,14.803,82.7,36.14,741,0.33,0.28,1.33,267210.4
1,6.591,88.89,39.97,708,0.37,0.99,0.57,268844.87
1,34.018,82.04,36.09,755,0.58,0.02,3.41,270154.12
1,10.653,89.54,36.5,757,0.43,-0.15,0.93,332280.92
1,19.371,84.19,39.51,712,0.88,0.91,1.78,263263.06
1,14.455,83.83,39.13,713,0.68,0.89,1.29,262345.9
1,6.874,88.39,39.27,707,0.34,0.99,0.59,262129.17
1,14.011,73.4,39.17,701,0.67,1.13,1.25,283602.87
1,19.227,86.86,39.97,718,0.93,0.73,1.76,275223
1,20.182,82.61,36.69,732,0.63,0.43,1.86,273655.34
1,14.438,72.03,37.52,701,0.62,1.1,1.29,253349
1,26.033,82.57,37.01,729,0.83,0.5,2.48,270094.98
1,20.675,68.61,36.91,708,0.91,0.9,1.91,248806.22
1,5.709,88.11,36.16,742,0.38,0.3,0.49,282304.87
1,18.302,71.95,36.77,714,0.86,0.73,1.67,291292.41
1,32.108,82.05,36.29,741,0.82,0.28,3.18,265909.4
1,23.6,84.06,39.51,725,0.83,0.62,2.22,285006.19
1,16.371,68.47,36.85,710,0.59,0.82,1.48,261156.46
1,12.817,68.79,36.66,710,0.4,0.82,1.14,267061.14
1,9.724,83.83,37.87,716,0.4,0.75,0.85,267822.06
1,9.395,88.38,36.89,729,0.61,0.47,0.82,276074.61
1,9.118,84.63,37.61,716,0.34,0.72,0.79,266640.45
1,38.558,82.04,35.9,752,0.63,0.09,3.98,270918.82
0,38.14,72.42,34.89,759,0.38,0.06,3.92,377268.77
1,12.368,69.11,36.63,708,0.58,0.94,1.09,252077.87
1,14.882,68.87,36.83,706,0.65,0.97,1.33,250248.58
1,47.507,83.65,39.25,735,1.12,0.47,5.23,279592.66
1,41.901,82.11,36.72,739,0.86,0.31,4.42,265099.38
1,12.966,72.64,39.19,702,0.63,1.12,1.15,277354.84
1,23.601,68.6,36.85,708,1.12,0.9,2.22,245432.48
1,28.243,85.38,37.22,759,0.61,-0.11,2.73,307536.63
1,9.485,68.96,36.67,708,0.41,0.9,0.83,253256.87
1,11.211,85.89,40.01,713,0.41,0.89,0.99,276248.28
1,13.912,71.7,37.18,703,0.6,1.03,1.24,255549.1
1,21.809,84.18,37.65,755,0.67,0,2.03,297421.89
1,14.59,70.2,36.02,761,0.34,0,1.31,319440.75
1,17.54,84.11,38.73,721,0.63,0.65,1.59,276447.33
1,7.676,88.09,38.09,709,0.59,0.87,0.66,261197.1
1,6.666,89.39,40.09,714,0.35,0.86,0.57,280349.23
1,25.242,70.96,39.16,708,1.09,0.98,2.4,278751.63
1,8.331,86.74,39.73,710,0.34,0.91,0.72,271284.43
1,10.821,89.37,37.93,709,0.89,0.85,0.95,259961.9
1,20.337,71.01,36.03,763,0.45,-0.03,1.88,327811.96
1,14.704,72.06,36.11,728,0.63,0.52,1.32,290316.23
1,30.158,72.67,35.58,766,0.69,-0.09,2.95,329824.17
1,5.97,90.6,39.97,718,0.38,0.76,0.51,279937.06
1,11.962,83.81,38.13,722,0.42,0.63,1.06,275414.67
1,13.885,69.57,36.55,720,0.35,0.6,1.24,286424.74
1,14.842,73.53,39.15,703,0.91,1.08,1.33,286654.51
1,13.64,84.33,38.13,717,0.58,0.73,1.21,268106.82
1,17.081,87.26,40.09,721,0.81,0.7,1.55,280673.9
0,42.059,72.53,34.14,765,0.36,0,4.45,384384.55
1,18.736,88.2,37.39,757,0.69,-0.08,1.71,313794.73
1,55.893,85.01,37.37,757,1.1,-0.06,6.59,288772.87
1,34.379,84.76,39.42,730,1.13,0.59,3.45,284805.61
1,14.135,82.5,35.45,757,0.4,-0.01,1.26,274209.86
1,43.007,82.11,36.78,743,0.82,0.24,4.58,266063.93
1,10.627,84,37.69,720,0.35,0.66,0.93,272177.35
1,23.102,70.6,39.14,708,1.17,0.98,2.17,280875.02
1,23.66,68.84,36.1,736,0.67,0.42,2.22,282806.25
1,21.18,71.73,36.62,707,1.13,0.92,1.96,261316.65
1,10.99,70.39,35.87,735,0.41,0.43,0.97,290027.56
1,45.041,82.97,38.26,747,0.84,0.21,4.87,279315.18
1,37.242,82.73,37.78,751,0.62,0.14,3.81,279824.59
1,51.391,71.86,35.92,762,1.09,0.01,5.83,307515.59
1,16.817,89.94,40.28,703,1.09,0.89,1.52,280544.77
1,18.146,68.56,36.86,710,0.82,0.79,1.65,264567.27
1,24.485,68.92,38.6,705,1.14,1,2.31,290694.48
0,54.735,72.48,35.07,755,0.55,0.11,6.39,371054.17
1,27.214,82.55,36.96,732,0.87,0.42,2.61,267873.87
1,16.919,71.94,36.64,707,1.1,0.92,1.53,258272.12
1,46.299,70.79,35.48,766,0.85,-0.11,5.05,321978.82
1,11.628,73,39.2,706,0.67,1,1.02,281964.13
1,15.305,83.62,37.62,753,0.41,0.11,1.37,290232.25
1,63.096,72.29,36.24,759,1.13,0.06,7.97,310070.89
1,21.712,70.59,39.1,718,0.93,0.76,2.02,291783.73
1,17.206,83.98,37.89,751,0.6,0.09,1.56,294562.4
1,13.337,69.62,36.71,714,0.36,0.7,1.19,288513.23
1,29.944,87.42,39.76,722,1.13,0.62,2.92,278558.12
1,21.907,82.64,36.38,737,0.66,0.35,2.04,268688.78
1,8.75,90.65,40.19,707,0.66,0.84,0.76,283294.78
1,17.166,73.63,39.24,704,1.08,1.06,1.56,285788.12
1,42.51,86.75,37.74,753,1.1,0.02,4.51,295949.23
1,35.611,71.15,35.49,766,0.6,-0.11,3.6,330228.12
1,10.449,73.38,39.18,707,0.63,1,0.92,286290.6
1,47.847,83.61,38.7,742,1.07,0.28,5.28,278373.16
1,23.089,72.15,36.68,711,1.09,0.79,2.16,279593.24
1,18.41,69.1,37.44,706,0.8,0.95,1.68,279030.31
1,61.029,71.02,35.51,766,1.09,-0.07,7.55,307852.14
1,17.546,71.86,36.71,715,0.88,0.7,1.59,295193.43
1,4.204,89.92,40.06,719,0.39,0.73,0.36,284697.5
1,15.541,88.89,37.14,722,0.84,0.53,1.4,282399.61
1,57.804,72.61,36.09,757,1.08,0.04,6.94,315511.54
1,19.55,68.5,34.57,753,0.38,0,1.8,302866.09
1,18.142,82.41,35.35,754,0.35,0.07,1.65,272991.36
1,26.174,85.22,39.76,728,1.16,0.57,2.5,280741.35
1,9.309,72.07,35.51,743,0.38,0.31,0.81,304051.85
0,57.292,72.46,35.2,752,0.59,0.18,6.84,365228.78
1,36.124,71.69,35.77,764,0.93,0,3.67,307943.17
1,12.123,86.63,39.42,729,0.35,0.6,1.07,292280.91
1,21.562,68.82,34.7,754,0.35,0.07,2,293361.67
1,20.249,69.02,35.24,748,0.43,0.2,1.87,291902.3
1,13.066,83.39,37.06,756,0.39,0.04,1.16,289365.52
1,7.418,88.06,35.92,745,0.36,0.25,0.64,283628.42
1,11.204,88.52,37.5,713,0.88,0.68,0.99,271789.98
1,12.686,70.12,37.06,708,0.39,0.89,1.12,282924.14
1,11.118,88.38,36.73,731,0.62,0.44,0.98,278771.51
1,16.209,69.02,37.1,708,0.58,0.89,1.46,277262.73
1,7.768,73.16,39.14,717,0.39,0.79,0.67,295402.39
0,28.31,72.31,33.51,767,0.32,-0.01,2.74,377604.72
1,29.023,86.17,37.6,755,0.93,0,2.82,294171.3
1,23.361,68.48,36.93,714,1.16,0.66,2.19,275491.09
1,16.984,70.39,39.01,713,0.57,0.87,1.54,308503.03
1,19.413,72.66,39.23,704,1.15,1.04,1.78,285774.86
1,13.837,73.51,34.56,767,0.37,-0.12,1.23,350258.89
1,17.901,82.5,35.82,747,0.38,0.19,1.63,273207.12
1,26.822,82.66,37.66,751,0.58,0.15,2.57,279785.36
1,32.418,68.64,36.72,721,1.12,0.57,3.21,277990.96
1,17.385,84.09,38.83,729,0.65,0.52,1.58,285822.22
1,28.592,68.58,36.37,730,0.82,0.48,2.77,275502.45
0,43.06,72.51,34.27,764,0.39,0.07,4.58,380098.29
1,18.548,82.44,37.51,736,0.6,0.38,1.7,271723.92
1,12.957,69.3,36.68,711,0.35,0.78,1.15,274524.16
1,56.406,87.78,37.79,750,1.13,0.08,6.68,299589.18
1,42.509,83.06,38.62,741,0.87,0.32,4.51,279737.31
1,22.174,68.81,36.93,710,1.15,0.82,2.07,265105.27
1,16.519,82.65,38.05,736,0.58,0.4,1.49,275697.85
1,12.136,90.78,40.13,707,0.83,0.82,1.07,284156.48
1,11.543,71.63,38.36,705,0.31,1,1.02,297017.34
1,10.33,88.85,37.53,713,0.85,0.7,0.9,271521.05
1,30.26,82.87,38.65,738,0.82,0.38,2.96,279812.95
1,11.669,69.91,36.87,709,0.35,0.85,1.03,281642.51
1,7.04,88.71,38.68,710,0.37,0.86,0.61,267849.77
1,13.679,69.85,36.72,710,0.38,0.82,1.22,278581.28
1,10.438,71.8,38.68,707,0.36,0.98,0.91,302679.69
1,31.303,71.03,39,722,1.13,0.66,3.08,294807.42
1,20.681,82.76,38.42,737,0.65,0.4,1.91,278045.09
1,26.207,84.23,38.92,738,0.88,0.39,2.5,287501.82
1,24.412,69.5,33.32,769,0.37,-0.14,2.31,316318.81
1,10.326,71.46,38.01,705,0.34,0.99,0.9,293444.4
1,12.937,69.58,36.69,711,0.33,0.78,1.15,275837.54
1,8.207,88.34,38.25,711,0.36,0.8,0.71,268524.82
1,16.646,68.96,36.65,721,0.34,0.57,1.51,284629.24
1,19.929,83.82,38.11,748,0.62,0.17,1.84,293026.55
1,16.807,72.3,36.69,711,1.1,0.8,1.52,280059.5
1,16.231,72.09,36.07,730,0.61,0.48,1.47,289492.56
1,15.717,82.59,37.39,751,0.41,0.16,1.41,278528.53
1,15.509,69.82,36.7,715,0.37,0.67,1.39,292017.18
1,21.998,82.37,36.12,742,0.58,0.27,2.05,270152.84
1,13.526,89.54,40.09,708,0.9,0.78,1.2,283489.18
1,17.456,85.42,37.74,752,0.4,0.1,1.59,300912.37
1,20.193,70.82,39.03,718,0.8,0.74,1.86,309590.14
1,12.96,82.34,36.5,751,0.37,0.15,1.15,275123.89
1,11.846,82.5,37,751,0.34,0.17,1.05,277752.89
1,25.913,84.78,38.71,743,0.91,0.33,2.47,289417.95
1,13.044,89.09,37.12,721,0.85,0.55,1.16,283271.75
1,18.564,82.58,36.97,737,0.65,0.35,1.7,269464.73
1,8.84,72.17,38.9,712,0.35,0.88,0.77,308273.33
1,8.517,89.36,36.63,756,0.37,-0.11,0.74,334517.29
1,16.819,82.63,35.46,751,0.43,0.14,1.52,274871.47
1,33.268,85.88,37.22,759,0.91,-0.05,3.31,299838.31
1,50.061,88.43,37.77,749,1.08,0.04,5.62,305559.01
1,6.099,90.43,40.18,711,0.36,0.83,0.52,281792.03
1,23.058,68.72,38.66,710,1.16,0.91,2.16,287524.22
1,27.225,70.56,36.06,761,0.67,0.02,2.61,318052.55
1,10.889,87.99,37.01,760,0.36,-0.06,0.96,307451.57
1,26.572,84.94,39.4,734,1.11,0.48,2.54,282247.47
1,21.709,85.95,37.45,757,0.86,0.01,2.02,293607.45
1,37.219,73.45,36,760,0.89,0.03,3.8,330816.81
1,25.726,68.58,36.94,714,1.11,0.67,2.45,276869.86
1,32.402,71.61,35.63,765,0.86,0,3.21,308958.85
1,15.521,70.25,36.12,760,0.36,0.06,1.4,315088.04
1,23.297,73.65,35.71,762,0.68,0.05,2.19,334742.13
1,15.448,72.71,35.31,768,0.36,-0.07,1.39,323658.95
1,21.561,68.85,38.36,709,1.09,0.91,2,284031.72
1,12.793,83.98,37.26,730,0.32,0.46,1.13,278733.12
1,13.012,71.34,37.01,708,0.59,0.87,1.15,284533.51
1,13.588,82.53,36.1,752,0.42,0.12,1.21,272192.88
1,27.194,68.94,38.83,712,1.08,0.89,2.61,300565.64
1,32.636,69.01,38.53,722,1.07,0.63,3.24,290867.54
1,21.119,68.99,38.2,709,0.88,0.91,1.96,296122.42
1,21.861,82.48,36.09,747,0.63,0.2,2.03,271622.47
1,12.99,72.23,36.82,710,0.89,0.84,1.15,282861.25
1,21.099,69.05,38.25,714,0.92,0.79,1.96,293527.5
1,9.823,70.36,38.5,710,0.34,0.91,0.86,305701.18
1,22.54,68.96,38.03,709,1.11,0.89,2.11,281619.39
1,23.229,72.6,39.42,710,1.1,0.9,2.18,297546.52
1,16.429,68.92,37.87,709,0.68,0.89,1.48,294421.42
1,12.255,69.86,38.82,712,0.41,0.89,1.08,308029.51
1,20.763,68.7,36.93,713,1.08,0.67,1.92,276703.1
1,19.985,84.02,38.3,745,0.66,0.25,1.84,291850.59
1,6.279,90.57,39.64,724,0.42,0.58,0.54,286269.82
1,24.441,68.93,38.3,719,0.9,0.65,2.31,288962.13
1,16.356,87,39.09,737,0.58,0.44,1.48,296311.94
1,22.188,83.7,38.17,746,0.64,0.25,2.07,290060.69
1,23.006,68.94,37.57,710,1.16,0.84,2.16,282307
1,22.407,68.82,36.92,712,1.15,0.71,2.09,275687.31
1,8.145,72.58,39.03,717,0.39,0.77,0.71,311970.19
1,42.054,71.52,35.42,767,0.9,-0.05,4.45,319203.2
1,25.151,84.55,38.4,747,0.87,0.26,2.39,289866.12
1,14.648,83.42,37.54,751,0.33,0.16,1.31,286706.5
1,18.928,68.72,36.87,714,0.67,0.67,1.73,283243.18
1,12.253,73.25,39.2,713,0.66,0.86,1.08,293697.39
1,41.555,72.97,36.02,762,0.84,0.05,4.38,319935.68
1,35.975,69.6,33.68,768,0.4,-0.13,3.65,314986.2
1,10.319,72.2,35.32,747,0.36,0.26,0.9,303996.8
1,8.339,87.76,37.45,718,0.35,0.63,0.72,280385.74
1,45.134,69.41,38.28,731,1.12,0.53,4.88,293179.19
1,27.739,69.34,38.45,723,0.83,0.63,2.67,298378.34
1,20.486,68.95,37.91,718,0.83,0.65,1.89,287295.91
1,19.533,83.69,38.58,739,0.57,0.38,1.79,287314.32
1,33.349,69.5,38.4,726,1.13,0.65,3.32,299944.56
1,19.647,69.1,36.57,723,0.57,0.54,1.81,288629.62
1,9.751,69.32,36.76,714,0.34,0.71,0.85,292592.73
1,26.048,68.94,35.44,748,0.57,0.24,2.48,289554.37
1,8.998,88.91,37.24,719,0.65,0.6,0.78,282947.71
1,22.167,68.82,36.84,714,0.88,0.66,2.07,283505.83
1,9.527,73.29,39.05,725,0.42,0.61,0.83,301579.94
1,14.791,70.57,38.35,727,0.35,0.65,1.33,307524.8
1,6.43,88.12,35.68,748,0.38,0.2,0.55,285622.27
1,21.806,86.12,37.6,756,0.68,0.06,2.03,298144.99
1,21.366,69.27,37.85,718,0.63,0.65,1.98,293578.22
1,34.533,69.9,34.87,767,0.4,-0.05,3.47,318982.46
1,20.921,72.16,36.49,724,0.84,0.54,1.94,300626.94
1,16.417,69.33,37.21,715,0.58,0.72,1.48,295031.06
1,23.277,89.54,37.59,752,0.89,0.03,2.18,320338.73
1,27.612,68.94,37.01,712,1.08,0.74,2.66,282246.13
1,12.962,69.02,36.9,712,0.41,0.74,1.15,293474.12
1,19.145,89.17,39.99,718,1.17,0.65,1.76,286893.99
1,17.743,69.28,34.14,760,0.43,-0.02,1.61,297928.05
0,41.352,72.55,34.92,756,0.57,0.18,4.35,368397.97
1,24.834,89.69,38.93,727,1.16,0.55,2.35,299207.03
1,29.033,69.68,38.66,725,1.16,0.66,2.82,304162.71
1,24.761,85.9,37.38,757,0.89,0.02,2.34,294114.46
1,21.178,84.75,38.05,751,0.85,0.18,1.96,290477.3
1,34.228,72.67,35.61,766,0.66,-0.01,3.43,317058.95
1,15.525,86.57,39.34,735,0.68,0.48,1.4,291379.9
1,10.956,86.27,38.47,744,0.33,0.29,0.96,294736.48
1,25.316,69,37.49,719,0.86,0.63,2.4,288300.6
1,14.457,73.36,39.27,714,0.83,0.83,1.29,293367.81
1,13.852,72.02,36.12,732,0.62,0.45,1.23,294332.24
1,31.701,71.61,35.56,765,0.88,0.01,3.13,310440.06
1,8.638,90.68,39.6,724,0.59,0.55,0.75,287518.91
1,14.564,83.74,37.96,736,0.38,0.4,1.3,284513.07
1,15.269,89.61,39.87,718,0.85,0.65,1.37,285135.23
1,28.851,88.62,37.61,753,0.84,0.06,2.8,308555.29
1,32.251,73.03,37.77,732,1.17,0.6,3.19,306318.44
1,12.322,73.65,34.9,764,0.33,-0.03,1.09,346991.06
1,23.086,85.25,39.07,739,1.08,0.37,2.16,284122.61
1,15.797,69.23,37.39,719,0.42,0.63,1.42,295730.2
1,11.045,71.77,37.65,710,0.37,0.86,0.97,302672.41
1,28.895,73.53,36.53,754,0.91,0.2,2.8,323695.16
1,20.157,70.31,36.51,756,0.59,0.13,1.86,314760.5
1,15.272,69.34,36.86,718,0.35,0.65,1.37,296570.61
1,24.832,87.82,37.34,757,0.66,0,2.35,303326
1,45.713,72.99,36.74,754,1.14,0.18,4.96,314715.53
1,16.338,72.48,39.32,714,0.9,0.79,1.48,294866.4
1,10.261,71.57,37.35,712,0.36,0.8,0.9,302332.16
1,13.724,89.87,37.5,753,0.68,0.06,1.22,323633.17
1,31.081,69.12,36.93,717,1.13,0.65,3.05,287053.26
1,37.833,69.98,35.47,764,0.57,0.02,3.88,310843.95
1,19.825,73.47,35.76,761,0.63,0.09,1.82,330701.52
1,17.085,71.67,36.75,715,0.89,0.68,1.55,297280.98
1,11.636,73.49,39.06,727,0.59,0.57,1.03,301800.37
1,11.376,88.56,36.07,741,0.6,0.29,1,282059.19
1,14.978,71.9,36.74,714,0.85,0.69,1.34,297037.31
1,9.53,73.06,39.19,713,0.36,0.86,0.83,293803.42
1,25.947,84.88,37.83,753,0.92,0.12,2.47,289689.21
1,27.043,70.21,37.64,741,0.91,0.39,2.59,304045.38
1,12.308,86.09,38.28,748,0.44,0.26,1.09,296271.24
1,18.261,71.17,37.97,736,0.58,0.51,1.67,310497.73
1,19.814,70.92,36.52,756,0.39,0.13,1.82,319915.03
1,15.885,70.39,36.09,760,0.41,0.12,1.43,313630.84
1,14.631,83.85,37.85,744,0.42,0.29,1.31,287527.13
1,29.008,87.36,39.33,733,1.15,0.43,2.81,285586.76
1,27.419,71.45,36.07,761,0.68,0.08,2.64,317331.68
1,26.185,69.16,36.97,721,0.91,0.58,2.5,289541.67
1,10.164,89.36,39.55,725,0.65,0.53,0.89,287321
1,26.239,72.4,39.3,723,1.17,0.67,2.5,296384.44
1,29.791,72.91,37.69,736,1.1,0.5,2.9,310068.76
1,7.257,88.28,35.14,754,0.37,0.08,0.63,286717.49
1,20.949,89.38,38.89,731,1.1,0.47,1.94,301175.45
1,30.942,69.17,35.84,742,0.88,0.33,3.04,283816.74
1,30.041,69.95,38.43,732,1.11,0.54,2.93,302473.66
1,20.491,73.61,34.54,765,0.35,-0.01,1.89,351199.86
1,47.302,69.88,37.66,742,1.07,0.34,5.2,296669.97
1,25.907,69.19,36.57,721,0.91,0.57,2.47,289799.1
1,17.555,72.3,36.48,723,0.86,0.55,1.6,300170.09
1,52.596,85.14,37.6,755,1.14,0.05,6.03,286202.27
1,22.563,89.72,39.77,723,1.08,0.61,2.11,286076.84
1,14.154,72.67,39,728,0.65,0.54,1.26,301608.28
1,16.85,72.63,35.55,767,0.45,0,1.53,318889.03
1,20.196,72.74,39.19,722,0.86,0.66,1.86,293794.14
1,9.578,88.06,36.64,730,0.63,0.43,0.84,282130.7
1,33.6,71.42,38.59,734,1.15,0.46,3.35,306874.49
1,24.433,69.92,34.78,767,0.36,-0.05,2.31,319323.24
1,39.487,85.01,37.66,755,1.1,0.09,4.1,288148.23
1,40.317,72.65,38.35,740,1.13,0.42,4.21,298669.36
1,27.54,69.14,36.23,733,0.9,0.41,2.65,278597.3
1,41.45,73.68,36.13,751,0.81,0.3,4.36,324581.84
1,40.042,69.32,36.66,725,1.11,0.51,4.17,279346.93
1,8.326,88.34,36.61,730,0.6,0.43,0.72,282498
1,32.732,72.81,37.52,741,1.13,0.39,3.25,312583.38
1,10.816,87.62,37.26,758,0.46,0.01,0.95,304171.02
1,25.717,72.94,39.05,727,1.09,0.63,2.45,294330.71
1,7.052,89.61,36.87,754,0.33,-0.02,0.61,333545.56
1,27.29,73.26,36.73,750,0.85,0.25,2.62,321503.42
1,43.261,90.13,38.4,731,1.1,0.48,4.61,306518.13
1,30.844,69.94,37.95,737,0.87,0.43,3.03,306079.8
1,10.808,89.93,36.6,755,0.36,-0.01,0.95,330833.56
1,28.053,86.33,37.36,757,0.94,0.04,2.71,294781.12
1,45.668,73.44,37.4,737,1.1,0.54,4.96,314271.56
1,17.922,73.51,35.91,758,0.61,0.15,1.63,329127.19
1,17.809,70.8,38.42,733,0.68,0.54,1.62,312443.97
1,33.522,89.07,38.14,747,1.14,0.19,3.35,304822.45
1,28.244,69.25,34.71,756,0.65,0.11,2.73,293920.59
1,34.897,71.86,35.63,765,0.93,0.04,3.51,310310.55
1,35.58,73.04,37.33,746,1.18,0.32,3.6,313956.47
1,23.089,86.31,37.94,752,0.65,0.18,2.16,296607.98
1,29.009,70.51,37.13,748,0.87,0.3,2.81,302780.73
1,59.813,71.23,35.86,763,1.14,0.06,7.32,301476.62
1,44.988,69.94,36.97,752,0.84,0.23,4.86,304744.02
1,10.775,71.34,36.77,720,0.35,0.63,0.95,301097.69
1,25.259,89.07,38.75,736,1.12,0.36,2.4,303378.74
1,11.26,72.3,35.13,751,0.37,0.22,0.99,306512.16
1,21.82,69.73,37.96,728,0.65,0.52,2.03,304515.87
1,19.732,89.79,37.94,746,0.91,0.2,1.81,313672.56
1,26.957,85.38,38.89,741,1.15,0.32,2.58,282266.53
1,17.203,69.37,33.91,763,0.38,-0.03,1.56,299378.01
1,38.862,71.69,37.16,753,1.17,0.2,4.02,298736.9
1,26.539,72.6,38.4,739,0.92,0.42,2.54,300452.44
1,28.584,70.44,38.08,739,1.09,0.43,2.77,302189.74
1,51.822,73.53,36.36,751,0.89,0.31,5.9,317155.81
1,27.312,86.93,38.99,740,0.88,0.37,2.62,292177.48
1,11.314,89.87,36.12,758,0.32,-0.02,1,332936.86
1,36.821,72.8,36.37,760,0.93,0.12,3.75,311484.79
1,18.465,73.48,34.14,766,0.32,-0.01,1.69,349991.83
1,10.763,72.17,36.58,721,0.65,0.6,0.94,299622.29
1,13.59,71.06,37.49,743,0.33,0.33,1.21,310495.03
1,26.462,70.8,36.7,754,0.85,0.22,2.53,304233.94
1,32.101,88.99,39.24,736,1.13,0.41,3.17,289307.25
1,8.11,88.73,36.09,741,0.61,0.31,0.7,283315.01
1,15.313,71.17,37.06,749,0.44,0.3,1.38,310019.52
1,22.067,70.19,36.84,752,0.61,0.2,2.06,312170.82
1,34.875,69.39,36.41,728,1.07,0.47,3.51,280898.09
1,23.296,73.31,36.87,747,0.83,0.31,2.19,319955.03
1,41.819,73.51,36.16,754,0.85,0.24,4.41,322295.14
1,26.117,73.48,36.03,756,0.67,0.2,2.49,327395.27
1,31.199,86.66,38.47,747,1.17,0.2,3.07,286947.76
1,41.911,73.41,37.19,741,1.06,0.44,4.43,317125.66
1,32.085,70.99,36.32,758,0.92,0.15,3.17,305104.48
1,19.46,73.71,35.18,761,0.39,0.05,1.79,344052.31
1,27.238,89.29,38.64,740,1.17,0.31,2.61,304608.26
1,31.246,90.13,37.55,744,0.81,0.27,3.07,313094.53
1,24.995,69.31,36.27,730,0.9,0.44,2.37,281747.79
1,27.411,69.1,36.27,733,0.85,0.41,2.63,281407.19
1,47.474,71.14,36.04,761,1.09,0.09,5.22,303938.47
1,43.473,73.6,37.2,740,1.07,0.53,4.64,317670.1
1,41.6,70.12,36.21,758,0.61,0.15,4.38,306538.24
1,12.645,89.55,37.51,752,0.63,0.1,1.12,320301.35
1,29.188,73.33,37.01,744,0.89,0.38,2.84,319252.59
1,35.897,90.23,38.35,734,1.07,0.47,3.64,310215.19
1,42.559,69.53,36.68,731,1.06,0.45,4.52,283233.08
1,23.934,69.2,36.25,732,0.83,0.41,2.25,282183.73
1,18.103,88.89,39.24,735,0.93,0.42,1.65,289689.08
1,28.311,71.5,36.59,755,0.65,0.21,2.74,312173.02
1,12.16,72.56,34.45,758,0.37,0.1,1.07,309190.67
1,31.933,70.74,37.89,744,1.15,0.35,3.15,299985.3
1,30.429,71.33,38,740,0.88,0.42,2.98,311494.88
1,33.263,71.61,37.2,753,1.1,0.21,3.31,299071.3
1,35.441,89.89,38.23,735,1.06,0.39,3.58,308855.48
1,34.581,86,37.56,756,0.85,0.09,3.47,296524.59
1,30.92,69.47,36.36,729,0.82,0.47,3.04,289500.25
1,17.934,89.43,38,743,0.85,0.25,1.63,312930.9
1,16.821,72.45,35.61,743,0.6,0.32,1.52,298116.92
1,16.135,70.31,35.36,764,0.39,0.05,1.46,315526.4
1,5.443,88.52,35.07,754,0.38,0.09,0.47,288124.21
1,28.197,88.38,37.89,752,0.93,0.12,2.72,299936.53
1,29.019,73.67,34.74,763,0.39,0.06,2.82,348718.94
1,16.868,69.37,36.15,734,0.42,0.41,1.53,289076.25
1,25.752,86.44,38.45,747,1.1,0.2,2.45,285895.93
1,14.754,69.68,33.77,764,0.36,-0.03,1.32,300882.84
1,39.265,72.78,37.74,748,1.15,0.3,4.07,306073.36
1,45.664,72.68,37.19,752,1.09,0.24,4.96,309812.68
1,16.616,69.74,35.64,744,0.33,0.3,1.5,292878.97
1,23.552,69.45,36.15,733,0.63,0.41,2.21,290607.19
1,22.744,70.14,37.15,748,0.66,0.28,2.13,311312.72
1,15.445,69.95,36.61,732,0.32,0.46,1.39,301806.26
1,16.991,89.99,36.67,755,0.4,0.06,1.54,331608.82
1,43.304,71.62,35.95,762,0.85,0.09,4.62,314196.33
1,16.182,89.55,38.08,740,0.83,0.29,1.46,312002.47
1,45.856,69.76,37.47,744,0.86,0.34,4.98,302629.73
1,21.709,89.67,38.15,738,0.89,0.34,2.02,311421.67
1,10.97,89.74,37.08,751,0.39,0.05,0.96,331639.03
1,41.56,89.94,37.84,744,0.88,0.27,4.38,308608.33
1,6.566,88.54,36.28,737,0.39,0.35,0.56,283566.93
1,12.665,89.64,37.62,749,0.61,0.15,1.12,318869.28
1,32.599,73.74,35.45,758,0.56,0.1,3.23,341775.76
1,25.583,70.2,36.99,751,0.65,0.27,2.43,313096.68
1,36.495,71.53,37.24,752,1.12,0.24,3.71,300089.15
1,11.551,72.04,36.1,732,0.6,0.43,1.02,296084.58
1,31.798,88.79,38.82,743,1.15,0.29,3.14,296768.06
1,13.421,71.83,36.1,732,0.63,0.43,1.19,296573.46
1,36.521,88.49,38.52,746,1.09,0.23,3.72,299983.52
1,18.454,70.03,33.8,766,0.39,-0.03,1.69,311173.64
1,28.622,86.28,38.49,746,1.12,0.24,2.77,285314.44
1,34.677,69.71,37.58,741,0.82,0.38,3.49,303513.61
1,28.684,86.79,38.13,750,0.92,0.22,2.78,296191.7
1,18.771,72.94,38.4,741,0.58,0.39,1.72,309169.9
1,30.997,89.79,37.74,746,0.84,0.22,3.04,313091.33
1,23.834,69.48,35.01,753,0.66,0.17,2.24,293261.46
1,30.101,70.15,36.09,758,0.57,0.15,2.94,307611.44
1,17.183,89.68,37.69,748,0.67,0.18,1.56,317130.92
1,31.172,69.73,36.13,737,0.87,0.39,3.07,293689.33
1,12.536,72.6,35.61,743,0.61,0.32,1.11,299265.88
1,22.348,73.06,38.1,745,0.81,0.36,2.09,308035.13
1,18.627,70.36,36.04,758,0.33,0.16,1.7,313256.45
1,19.433,69.88,33.79,764,0.42,0.02,1.78,300795.44
1,35.577,71.82,36.79,754,0.92,0.23,3.6,312388.25
1,36.146,71.78,37.39,751,1.16,0.27,3.67,301242.28
1,36.489,86.58,38.76,743,1.08,0.29,3.71,289291.98
1,24.868,69.97,37.58,741,0.57,0.38,2.35,311281.25
1,42.526,71.52,37.64,747,1.08,0.3,4.51,308013.4
1,14.345,89.18,39.15,737,0.58,0.38,1.28,292301.19
1,20.136,89.83,37.2,749,0.57,0.09,1.86,331230.87
1,8.522,72.84,34.36,759,0.38,0.1,0.74,309175.68
1,41.698,73.74,35.7,755,0.6,0.17,4.4,339022.63
1,5.602,87.89,35.53,749,0.38,0.19,0.48,286081.85
1,30.392,86.82,38.56,745,1.16,0.26,2.97,285688.15
1,23.498,69.68,37.34,740,0.64,0.39,2.21,303763.6
1,38.342,72.76,37.13,755,0.89,0.2,3.95,309716
1,46.301,71.78,36.45,758,1.13,0.16,5.05,306686.47
1,24.302,69.88,35.66,742,0.66,0.32,2.29,293814.07
1,19.647,69.75,37.02,740,0.58,0.4,1.81,302831.21
1,38.864,86.42,37.94,751,1.14,0.16,4.02,291337.56
1,38.092,69.91,34.26,765,0.58,0,3.92,302037.34
1,17.321,89.2,38.94,740,0.81,0.36,1.57,293035.49
1,5.297,88.18,35.55,748,0.35,0.2,0.45,286419.58
1,17.25,70.05,36.96,740,0.37,0.4,1.57,309771.95
1,19.392,73.1,36.32,761,0.59,0.15,1.78,313145.45
1,7.196,72.54,35.81,741,0.4,0.35,0.62,300394.77
1,18.482,70.13,35.74,759,0.4,0.15,1.69,307077.72
1,29.689,89.93,37.33,748,0.6,0.15,2.89,329555.72
1,22.034,69.81,36.52,741,0.6,0.38,2.05,301453.87
1,9.641,73.67,37.75,747,0.34,0.33,0.84,315651.9
1,18.45,70.29,36.68,749,0.43,0.29,1.69,313155.04
1,32.579,69.96,33.98,763,0.59,0.05,3.23,300037.9
1,21.319,72.71,37.08,755,0.69,0.21,1.98,310923.63
1,28.614,88.36,38.36,748,0.89,0.2,2.77,298371.4
1,22.784,69.46,34.97,754,0.61,0.17,2.13,292476.53
1,22.492,70.14,33.97,764,0.34,0.04,2.1,308676.83
1,44.188,70.03,34.3,762,0.63,0.07,4.74,298454.81
1,6.721,90.09,38.77,743,0.34,0.31,0.58,298792.39
1,10.552,72.91,37.65,749,0.41,0.29,0.92,313977.48
1,16.852,73.04,36.46,760,0.35,0.17,1.53,314358.75
1,23.537,69.95,35.93,744,0.65,0.32,2.21,301581.91
1,13.844,70.13,35.42,759,0.34,0.16,1.23,307005.34
1,13.937,88.53,37.74,754,0.59,0.15,1.24,299486.78
1,45.688,69.88,35.51,747,0.86,0.27,4.96,289540.55
1,13.883,88.17,38.34,749,0.69,0.2,1.24,298943.4
1,19.247,69.65,34.92,754,0.58,0.17,1.77,291466.41
1,8.711,72.34,34.94,753,0.38,0.19,0.76,305879.22
1,16.812,70.19,34.59,761,0.42,0.1,1.52,307811.56
1,46.271,70.03,35.34,752,0.82,0.22,5.05,293431.9
1,23.648,69.77,34.99,752,0.65,0.21,2.22,291903.81
1,7.901,88.78,38.68,744,0.41,0.29,0.68,296903.59
1,29.392,73.75,35.5,758,0.57,0.16,2.86,343096.67
1,16.349,70.13,34.99,760,0.36,0.14,1.48,306261.41
1,8.066,72.6,34.95,753,0.35,0.2,0.7,305786.02
1,18.874,70.03,34.88,755,0.38,0.17,1.73,300055.05
1,36.206,69.87,35.18,750,0.82,0.24,3.68,290987.55
1,11.346,88.49,37.84,753,0.36,0.16,1,299449.26
1,20.43,70.21,34.37,760,0.43,0.12,1.89,306183.17
1,20.392,90,37.2,750,0.57,0.15,1.88,333478.39
1,27.52,70.04,35.18,751,0.57,0.24,2.65,300575.38
1,27.663,70.16,34.89,756,0.64,0.17,2.66,305817.79